Hospital,County,Care Type,City,Beds Available,Average Length of Stay,Operating Rooms,Surgery Inpatient Count,Surgery Outpatient Count,Hospital Full Time Staff,Nurse Full Time Staff,"	Productive Hours",Medical Staff Totals,Student Full Time,Productive Hours RNs,Productive Hours LVNs,Productive Hours Aides,Count Hours RNs,Productive Hours Ambulatory,Productive Hours Emergency
ADVENTIST HEALTH AND RIDEOUT,Yuba,General,MARYSVILLE,221,5.1,6,"1,500","2,704","1,234",704,"2,342,540",278,0,"1,053,655",17,"350,157","61,013","390,714",0
ADVENTIST HEALTH BAKERSFIELD,Kern,General,BAKERSFIELD,254,3.9,4,"3,252","5,898","1,570",615,"2,801,818",562,0,"970,564","42,180","189,373","78,004","441,479","4,726"
ADVENTIST HEALTH CLEARLAKE,Lake,General,CLEARLAKE,25,4.1,2,156,"2,177",664,159,"1,251,747",177,0,"207,229","30,973","78,508","14,554","639,917",0
ADVENTIST HEALTH DELANO,Kern,General,DELANO,156,11.3,4,423,863,389,184,"705,214",108,0,"140,995","52,170","169,636","20,848","138,088",0
ADVENTIST HEALTH GLENDALE,Los Angeles,General,GLENDALE,451,6,8,"3,209","3,836","1,799",749,"3,704,301",400,20,"994,801","25,689","403,433","133,200","489,533","125,251"
ADVENTIST HEALTH HANFORD,Kings,General,HANFORD,235,4.4,10,"1,101","4,378","1,329",473,"2,457,637",289,16,"584,737","30,503","343,173","24,696","666,020","1,812"
ADVENTIST HEALTH HOWARD MEMORIAL,Mendocino,General,WILLITS,25,4,4,694,"1,796",230,82,"451,541",95,0,"91,415","3,267","72,693","3,958","75,992",0
ADVENTIST HEALTH LODI MEMORIAL,San Joaquin,General,LODI,194,4.6,6,"1,350","4,042",878,398,"1,697,192",316,0,"410,730","19,439","272,471","125,869","554,176",0
ADVENTIST HEALTH MENDOCINO COAST,Mendocino,General,FORT BRAGG,25,5.6,2,68,"1,406",267,89,"559,787",55,0,"84,250","1,231","68,103","31,860","147,539",0
ADVENTIST HEALTH REEDLEY,Fresno,General,REEDLEY,49,3.7,3,78,265,835,322,"1,522,664",173,17,"153,612","49,829","462,346","4,989","880,187","41,156"
ADVENTIST HEALTH SIMI VALLEY,Ventura,General,SIMI VALLEY,144,4.3,4,464,741,820,278,"1,340,131",330,0,"471,994",0,"97,745","8,743","536,236",0
ADVENTIST HEALTH SONORA - GREENLEY,Tuolumne,General,SONORA,152,5.9,8,"1,123","4,444",920,396,"1,788,353",259,0,"365,228","47,241","388,514","23,266","605,526",0
ADVENTIST HEALTH ST. HELENA,Napa,General,ST. HELENA,141,5.5,7,"1,087","5,039",501,190,"932,830",116,0,"304,114","1,540","70,405","19,979","71,315","9,885"
ADVENTIST HEALTH TEHACHAPI VALLEY,Kern,General,TEHACHAPI,25,3.8,2,56,156,208,84,"377,135",154,0,"92,493","10,231","62,816","9,981","123,017",0
ADVENTIST HEALTH TULARE,Tulare,General,TULARE,73,3.9,4,711,"1,758",306,136,"569,979",123,8,"169,263","4,833","100,113","8,231","85,121","29,849"
ADVENTIST HEALTH UKIAH VALLEY,Mendocino,General,UKIAH,50,4.1,3,607,"5,959",630,259,"1,155,193",129,13,"237,143","20,302","244,536","35,969","364,473","33,935"
ADVENTIST HEALTH VALLEJO,Solano,Psychiatric,VALLEJO,61,8.9,0,0,0,135,25,"243,305",32,0,"51,450",0,37,0,"16,436",0
ADVENTIST HEALTH WHITE MEMORIAL,Los Angeles,General,LOS ANGELES,545,4.8,17,"2,957","5,635","1,454",596,"2,916,417",325,76,"892,531","11,376","237,696","98,607","243,161","174,925"
AHMC ANAHEIM REGIONAL MEDICAL CENTER,Orange,General,ANAHEIM,223,4.2,3,"1,174","1,275",694,229,"1,231,032",392,0,"383,071","4,688","67,295","21,381","99,778",0
AHMC SETON MEDICAL CENTER,San Mateo,General,DALY CITY,457,22.2,16,410,"1,960",707,273,"1,221,548",264,0,"344,751","73,735","147,055","1,382","74,331",0
ALAMEDA HOSPITAL,Alameda,General,ALAMEDA,247,23.3,3,264,"1,664",569,260,"1,114,108",338,0,"262,352","47,916","176,138","55,299","114,677",0
ALHAMBRA HOSPITAL MEDICAL CENTER,Los Angeles,General,ALHAMBRA,144,7.5,5,764,974,535,213,"1,034,708",273,0,"249,971","30,359","96,687","65,378","55,739",0
ALISO RIDGE BEHAVIORAL HEALTH,Orange,Psychiatric,ALISO VIEJO,119,9.7,0,0,0,235,111,"448,116",16,0,"92,422","29,510","109,332",0,"11,678",0
ALTA BATES SUMMIT MEDICAL CENTER - ALTA BATES CAMPUS,Alameda,General,BERKELEY,393,5.5,10,"1,598","4,107","1,559",766,"2,844,821",636,0,"1,333,843","2,013","130,003","127,382","210,430","8,308"
ALTA BATES SUMMIT MEDICAL CENTER - SUMMIT HAWTHORNE,Alameda,General,OAKLAND,354,5.9,7,"2,628","3,529","1,391",670,"2,681,583",421,0,"1,104,644",8,"159,730","128,773","222,218",155
ALVARADO HOSPITAL MEDICAL CENTER,San Diego,General,SAN DIEGO,302,6.6,8,573,659,613,200,"1,219,043",335,0,"307,543","26,356","5,308","76,780","88,689",0
ALVARADO PARKWAY INSTITUTE BHS,San Diego,Psychiatric,LA MESA,66,10.6,0,0,0,291,77,"557,355",31,0,"61,437","26,517","61,789","9,534","108,749",0
AMERICAN RECOVERY CENTER,Los Angeles,Specialty,POMONA,173,26.3,0,0,0,72,13,"131,857",0,0,"3,753","22,563",0,0,"9,942",0
ANAHEIM COMMUNITY HOSPITAL,Orange,Psychiatric,ANAHEIM,98,13.4,1,0,16,147,71,"278,566",16,0,"67,912","12,965","66,062",0,"10,755",0
ANAHEIM GLOBAL MEDICAL CENTER,Orange,General,ANAHEIM,161,10,3,340,687,429,202,"792,439",99,0,"261,656","39,229","107,182","11,098","88,805",0
ANTELOPE VALLEY MEDICAL CENTER,Los Angeles,General,LANCASTER,399,4.7,13,"4,351","3,715","2,283",953,"4,253,708",389,0,"1,177,459","61,736","587,362","155,577","401,071",0
ARROWHEAD REGIONAL MEDICAL CENTER,San Bernardino,General,COLTON,456,6.4,14,"4,766","2,171","3,603","1,390","7,198,476",492,184,"1,739,552","114,606","663,093","373,710","867,550","472,873"
ATASCADERO STATE HOSPITAL,San Luis Obispo,Specialty,ATASCADERO,"1,035",372.7,0,0,0,0,0,0,122,0,0,0,0,0,0,0
AURORA BEHAVIORAL HEALTHCARE - SANTA ROSA,Sonoma,Psychiatric,SANTA ROSA,144,10.1,0,0,0,212,111,"444,051",39,0,"62,898","1,264","129,107","37,389","4,622",0
AURORA CHARTER OAK,Los Angeles,Psychiatric,COVINA,146,7.7,0,0,0,344,150,"646,630",64,0,"90,172","78,133","144,612",0,"22,409",0
AURORA LAS ENCINAS HOSPITAL,Los Angeles,Psychiatric,PASADENA,118,12.4,0,0,0,264,127,"489,556",16,0,"98,676","34,320","130,382",0,"17,702",0
AURORA SAN DIEGO,San Diego,Psychiatric,SAN DIEGO,101,12,0,0,0,222,90,"419,193",37,0,"63,186","17,026","102,556","4,458","35,935",0
AURORA VISTA DEL MAR HOSPITAL,Ventura,Psychiatric,VENTURA,87,6.5,0,0,0,115,50,"229,409",10,0,"14,385","6,152","62,161","21,550","10,794",0
BAKERSFIELD BEHAVIORAL HEALTHCARE HOSPITAL,Kern,Psychiatric,BAKERSFIELD,90,8.4,0,0,0,184,90,"371,767",47,0,"58,539","11,668","116,270",0,"6,417",0
BAKERSFIELD HEART HOSPITAL,Kern,Specialty,BAKERSFIELD,47,4.1,3,192,573,381,125,"649,486",281,0,"164,883","2,586","53,309","39,670","85,580",0
BAKERSFIELD MEMORIAL HOSPITAL,Kern,General,BAKERSFIELD,366,4.4,13,"4,022","4,496","1,670",663,"3,196,891",517,"2,320","1,027,257","29,531","264,721","57,788","274,790","5,820"
BAKERSFIELD REHABILITATION HOSPITAL,Kern,Specialty,BAKERSFIELD,50,15.4,0,0,0,106,49,"196,829",0,0,"36,090","24,354","37,629","3,302",0,0
BALLARD REHABILITATION HOSPITAL,San Bernardino,General,SAN BERNARDINO,60,14.7,0,0,0,136,48,"240,672",45,0,"43,338","20,508","35,494",0,"13,638",0
BANNER LASSEN MEDICAL CENTER,Lassen,General,SUSANVILLE,25,3.6,3,137,647,140,57,"282,523",40,0,"76,317","1,675","21,938","17,742","42,306",0
BARLOW RESPIRATORY HOSPITAL,Los Angeles,Specialty,LOS ANGELES,105,34.8,0,0,0,346,155,"637,823",254,0,"232,839",0,"76,758","12,691",0,0
BARSTOW COMMUNITY HOSPITAL,San Bernardino,General,BARSTOW,30,4,2,487,694,271,95,"513,610",102,0,"161,015","1,417","26,907","9,286","80,142",0
BARTON MEMORIAL HOSPITAL,El Dorado,General,SOUTH LAKE TAHOE,111,13.1,4,676,"2,140",741,161,"1,393,916",286,0,"224,019","7,124","85,304","17,595","164,353",0
BEAR VALLEY COMMUNITY HOSPITAL,San Bernardino,General,BIG BEAR,30,21.7,2,60,135,170,50,"346,375",21,0,"33,921","14,760","26,816","29,360","79,229",0
BEVERLY HOSPITAL,Los Angeles,General,MONTEBELLO,157,4.7,7,"1,341","1,855",508,221,"996,043",386,0,"248,636","8,625","98,586","104,069","122,732",0
BHC ALHAMBRA HOSPITAL,Los Angeles,Psychiatric,ROSEMEAD,97,7,0,0,0,218,77,"410,331",6,0,"52,503","16,988","90,127",0,"29,813",0
BUTTE COUNTY MENTAL HEALTH - PHF,Butte,Psychiatric,CHICO,16,7.2,0,0,0,0,0,0,11,0,0,0,0,0,0,0
CALIFORNIA HOSPITAL MEDICAL CENTER,Los Angeles,General,LOS ANGELES,318,5.2,7,"3,607","2,798","1,618",572,"3,133,266",663,32,"884,164","11,662","148,403","145,818","324,685","58,826"
CALIFORNIA PACIFIC MEDICAL CENTER - MISSION BERNAL CAMPUS,San Francisco,General,SAN FRANCISCO,120,4.8,7,"1,499","1,496",569,125,"1,038,781","1,346",2,"194,946",0,"64,097",0,"31,814","15,678"
CALIFORNIA PACIFIC MEDICAL CENTER - VAN NESS CAMPUS,San Francisco,General,SAN FRANCISCO,455,6,35,"4,643","7,147","2,952","1,169","5,576,661",956,98,"1,892,831","3,603","332,656","202,906","340,896","246,214"
CALIFORNIA REHABILITATION INSTITUTE,Los Angeles,Specialty,LOS ANGELES,138,14.3,0,0,0,517,217,"971,240",17,0,"216,670",0,"193,482","40,627","1,814","2,833"
CANYON RIDGE HOSPITAL,San Bernardino,Psychiatric,CHICO,157,7.6,0,0,0,282,133,"530,328",8,0,"77,538","52,060","146,999",0,"21,467",0
CASA COLINA HOSPITAL AND CENTER FOR HEALTH CARE,Los Angeles,Specialty,POMONA,99,12.5,3,564,"3,368",596,200,"1,134,359",331,7,"189,204","28,278","173,151","24,838","43,203","29,760"
CATALINA ISLAND MEDICAL CENTER,Los Angeles,General,AVALON,12,45.7,0,0,0,45,8,"87,214",12,0,"10,667","1,880","1,226","3,589","6,849",0
CEDARS-SINAI MARINA DEL REY HOSPITAL,Los Angeles,General,MARINA DEL REY,103,4.3,6,"1,505","5,618",731,352,"1,538,071",508,0,"418,219","1,600","141,656","170,319","203,106",0
CEDARS-SINAI MEDICAL CENTER,Los Angeles,General,LOS ANGELES,915,6.6,29,"14,354","16,584","14,246","3,071","27,469,803","2,829",415,"5,034,904","9,720","1,069,947","272,930","2,128,902","2,926,363"
CENTINELA HOSPITAL MEDICAL CENTER,Los Angeles,General,INGLEWOOD,362,4.7,10,797,361,814,314,"1,765,242",268,24,"376,398","54,520",0,"222,694","159,143","49,786"
CENTRAL STAR PSYCHIATRIC HEALTH FACILITY,Fresno,Psychiatric,FRESNO,16,8.6,0,0,0,45,8,"98,845",0,0,"12,827",0,"4,375",0,0,0
CENTRAL VALLEY SPECIALTY HOSPITAL,Stanislaus,General,MODESTO,96,52.3,0,0,0,307,171,"668,889",5,0,"133,039","85,776","62,257","75,630",0,0
CHAPMAN GLOBAL MEDICAL CENTER,Orange,General,ORANGE,114,9.1,3,537,"1,104",204,95,"372,164",218,0,"95,980","30,348","71,007","1,079","29,739",0
CHILDREN'S HEALTHCARE ORGANIZATION OF NORTHERN CA - PEDIATRIC HOSPITAL,Santa Clara,Children,CAMPBELL,31,293,0,0,0,90,45,"176,263",8,0,"36,141","14,675","41,766",0,0,0
CHILDREN'S HOSPITAL AT MISSION,Orange,Children,MISSION VIEJO,54,6.2,9,206,328,136,79,"269,340",273,0,"112,723",0,"34,698","17,721",0,0
CHILDREN'S HOSPITAL LOS ANGELES,Los Angeles,Children,LOS ANGELES,413,6.6,19,"6,156","16,657","6,598","1,894","12,175,493",673,225,"2,466,238","118,593","1,019,480","334,505","1,667,251","2,267,840"
CHILDREN'S HOSPITAL OF ORANGE COUNTY,Orange,Children,ORANGE,334,6.6,31,"3,231","10,225","3,790","1,044","7,237,698",858,93,"1,394,078","29,259","523,885","224,643","930,507","366,537"
CHINESE HOSPITAL,San Francisco,General,SAN FRANCISCO,81,10.9,4,225,"3,135",378,94,"722,486",206,0,"142,959","12,045","29,288","10,562","109,556",0
CHINO VALLEY MEDICAL CENTER,San Bernardino,General,CHINO,112,3.6,4,619,126,424,101,"868,504",85,21,"134,143","21,205",0,"55,246","90,659","55,233"
CIRBY HILLS BEHAVIORAL HEALTH - PHF,Placer,Psychiatric,YUBA CITY,16,23.2,0,0,0,0,0,0,3,0,0,0,0,0,0,0
CITY OF HOPE HELFORD CLINICAL RESEARCH HOSPITAL,Los Angeles,Specialty,DUARTE,232,9.1,6,"2,517","5,737","5,043","1,108","9,090,546",354,33,"1,659,085","55,741","590,196",0,"954,289","1,390,372"
CLOVIS COMMUNITY MEDICAL CENTER,Fresno,General,CLOVIS,292,5,10,"4,933","10,277","2,122",822,"3,918,499","1,525",0,"999,174","90,792","600,994","18,280","727,608",0
COALINGA REGIONAL MEDICAL CENTER,Fresno,General,COALINGA,136,45.7,0,0,0,172,58,"331,154",23,0,"33,597","23,882","61,996","1,847","21,584",0
COALINGA STATE HOSPITAL,Fresno,Specialty,COALINGA,"1,500",2620.5,0,0,0,0,0,0,84,0,0,0,0,0,0,0
COAST PLAZA HOSPITAL,Los Angeles,General,NORWALK,117,5,4,286,235,239,87,"486,242",207,0,"105,788","8,825","20,238","45,986","50,425",0
COLLEGE HOSPITAL,Los Angeles,Psychiatric,CERRITOS,187,19.8,0,0,0,531,264,"987,520",48,0,"211,852","25,593","309,512","2,974","136,397",0
COLLEGE HOSPITAL COSTA MESA,Orange,Psychiatric,COSTA MESA,122,9.8,0,0,0,398,220,"753,199",41,0,"234,543","36,823","186,162",0,"33,521",0
COLLEGE MEDICAL CENTER,Los Angeles,General,LONG BEACH,221,7.5,6,199,190,802,281,"1,780,400",157,14,"291,098","102,910","100,302","90,379","126,907","41,808"
COLORADO RIVER MEDICAL CENTER,San Bernardino,General,NEEDLES,25,2.3,2,1,54,70,14,"128,776",4,0,"22,400","6,654",971,0,"18,892",0
COLUSA MEDICAL CENTER,Colusa,General,COLUSA,48,8.5,1,0,105,179,69,"395,435",15,0,"22,209",0,"120,410",0,"222,485",0
COMMUNITY HOSPITAL OF HUNTINGTON PARK,Los Angeles,General,HUNTINGTON PARK,81,3.9,2,486,300,291,107,"614,087",250,0,"96,298","39,061","12,759","74,436","112,384",0
COMMUNITY HOSPITAL OF SAN BERNARDINO,San Bernardino,General,SAN BERNARDINO,347,6.7,4,"1,487","1,345","1,103",438,"1,989,445",298,0,"544,819","166,161","172,903","26,479","132,568",0
COMMUNITY HOSPITAL OF THE MONTEREY PENINSULA,Monterey,General,MONTEREY,260,5,12,"4,107","5,036","2,039",672,"3,930,451",403,0,"988,558","18,887","390,743",0,"572,851",0
COMMUNITY MEMORIAL HOSPITAL - OJAI,Ventura,General,OJAI,100,50.8,1,2,10,206,73,"408,111",30,0,"71,347","12,572","55,652","11,460","53,609",0
COMMUNITY MEMORIAL HOSPITAL OF SAN BUENAVENTURA,Ventura,General,VENTURA,250,4,14,"5,843","37,284","1,857",578,"3,578,104",239,93,"922,955","20,998","190,447","68,484","821,339","18,296"
COMMUNITY REGIONAL MEDICAL CENTER - FRESNO,Fresno,General,FRESNO,921,8,26,"11,816","6,755","4,633","1,958","8,261,875","2,880",223,"2,545,175","215,281","1,277,887","33,883","1,159,721","9,115"
CONTRA COSTA REGIONAL MEDICAL CENTER,Contra Costa,General,MARTINEZ,167,5.7,4,"1,797","2,411","3,817","1,605","6,864,254",429,61,"2,343,103","488,487","472,953","34,630","1,453,780","133,963"
CORONA REGIONAL MEDICAL CENTER - MAIN,Riverside,General,CORONA,259,5.7,5,"1,862","2,207",820,386,"1,739,381",506,99,"418,557","64,733","135,104","183,551","242,634",0
CRESTWOOD PSYCHIATRIC HEALTH FACILITY - BAKERSFIELD,Kern,Psychiatric,BAKERSFIELD,16,14.7,0,0,0,41,10,"75,449",1,0,"2,888","18,918",0,0,0,0
CRESTWOOD PSYCHIATRIC HEALTH FACILITY - CARMICHAEL,Sacramento,Psychiatric,CARMICHAEL,16,12,0,0,0,36,5,"67,592",1,0,0,"9,798",0,0,0,0
CRESTWOOD PSYCHIATRIC HEALTH FACILITY - SACRAMENTO,Sacramento,Psychiatric,SACRAMENTO,16,19.5,0,0,0,45,5,"83,451",1,0,74,"10,245",0,0,0,0
CRESTWOOD PSYCHIATRIC HEALTH FACILITY - SAN JOSE,Santa Clara,Psychiatric,SAN JOSE,16,21.1,0,0,0,32,6,"59,983",1,0,178,"11,629",0,0,0,0
CRESTWOOD SOLANO PSYCHIATRIC HEALTH FACILITY,Solano,Psychiatric,VALLEJO,16,12.9,0,0,0,45,8,"84,020",1,0,"2,413","13,405",0,0,0,0
DAMERON HOSPITAL ASSOCIATION,San Joaquin,General,STOCKTON,170,4.5,9,781,"2,727",507,179,"987,609",261,0,"214,897","11,091","59,672","86,738","172,850",0
DEL AMO HOSPITAL,Los Angeles,Psychiatric,TORRANCE,157,7.1,0,0,0,303,129,"541,937",31,0,"96,007","37,495","134,088",0,"20,328",0
DESERT REGIONAL MEDICAL CENTER,Riverside,General,PALM SPRINGS,388,5.8,8,"5,077","2,180","1,725",934,"3,328,866",403,58,"1,409,125","34,086","381,044","119,037","329,660","14,594"
DESERT VALLEY HOSPITAL,San Bernardino,General,VICTORVILLE,148,4,6,"1,512",803,746,229,"1,445,678",210,4,"425,339","30,743","10,145","9,187","172,116","9,898"
DOCS SURGICAL HOSPITAL,Los Angeles,Specialty,LOS ANGELES,17,1.3,3,475,108,25,18,"77,621",73,0,"19,790",0,0,"18,216",0,0
DOCTORS HOSPITAL OF MANTECA,San Joaquin,General,MANTECA,73,4.3,5,689,"2,426",361,141,"711,839",100,0,"198,958",115,"59,943","34,042","77,178",0
DOCTORS HOSPITAL OF RIVERSIDE,Riverside,General,RIVERSIDE,193,4.3,6,900,"1,331",646,280,"1,244,961",504,0,"431,852","21,116","101,942","27,506","165,168",0
DOCTORS MEDICAL CENTER - MODESTO,Stanislaus,General,MODESTO,461,5.4,18,"5,449","8,293","1,964","1,053","3,781,801",782,29,"1,584,674","33,295","421,207","150,095","298,554",0
DOMINICAN HOSPITAL,Santa Cruz,General,SANTA CRUZ,222,5.1,7,"1,912","2,018","1,171",443,"2,113,648",372,0,"723,404",0,"156,200","41,979","172,971",1
EAST LOS ANGELES DOCTOR'S HOSPITAL,Los Angeles,General,LOS ANGELES,127,6.4,3,425,551,274,126,"586,868",167,0,"115,645","29,515","38,487","77,799","39,517",0
EASTERN PLUMAS HEALTH CARE,Plumas,General,PORTOLA,75,158.5,0,0,0,231,66,"409,871",22,0,"35,746","32,284","58,675","9,722","106,282",0
EDEN MEDICAL CENTER,Alameda,General,CASTRO VALLEY,130,4.9,7,"1,935","1,660","1,004",463,"1,858,286",521,0,"815,527",0,"147,943",0,"253,050",0
EISENHOWER MEDICAL CENTER,Riverside,General,RANCHO MIRAGE,403,3.4,28,"6,533","12,763","3,952","1,418","7,803,377",576,127,"1,120,982","332,863","851,017","643,624","1,963,767","354,724"
EL CAMINO HEALTH,Santa Clara,General,MOUNTAIN VIEW,466,5,23,"3,447","10,752","3,329","1,160","6,231,549","1,325",0,"1,882,518","24,119","367,911","138,313","539,387","5,885"
EL CENTRO REGIONAL MEDICAL CENTER,Imperial,General,EL CENTRO,161,5.2,4,914,"5,592",761,203,"1,365,438",348,0,"224,592","16,240","173,320","8,773","363,194",0
EMANATE HEALTH FOOTHILL PRESBYTERIAN HOSPITAL,Los Angeles,General,GLENDORA,105,5.2,4,981,"1,994",490,191,"964,787",486,1,"285,322","9,442","71,688","31,398","131,673",0
EMANATE HEALTH INTER-COMMUNITY HOSPITAL,Los Angeles,General,COVINA,516,4.9,17,"3,808","3,825","2,035",782,"4,051,656",580,23,"1,096,000","49,720","279,310","200,951","520,188","51,052"
EMANUEL MEDICAL CENTER,Stanislaus,General,TURLOCK,209,4.2,8,"1,765","3,393",786,352,"1,563,758",254,0,"549,308","19,615","88,713","74,499","200,422",0
ENCINO HOSPITAL MEDICAL CENTER,Los Angeles,General,ENCINO,148,11,7,195,94,240,94,"474,016",223,0,"96,602","26,810","49,614","23,008","25,828",0
ENCOMPASS HEALTH REHABILITATION HOSPITAL OF BAKERSFIELD,Kern,Specialty,BAKERSFIELD,86,12.5,0,0,0,235,108,"446,140",0,0,"102,001","34,589","63,873","23,997",0,0
ENCOMPASS HEALTH REHABILITATION HOSPITAL OF MODESTO,Stanislaus,Specialty,MODESTO,50,12.7,0,0,0,155,64,"281,923",0,0,"75,949","17,300","39,877",0,0,0
ENCOMPASS HEALTH REHABILITATION HOSPITAL OF MURRIETA,Riverside,Specialty,MURRIETA,50,12.9,0,0,0,165,66,"314,217",50,0,"79,383","6,697","50,173",0,0,0
ENCOMPASS HEALTH REHABILITATION HOSPITAL OF TUSTIN,Orange,Specialty,TUSTIN,65,12.8,0,0,0,216,79,"387,591",106,0,"98,708","5,764","60,265",0,0,0
ENLOE HEALTH,Butte,General,CHICO,298,4.5,17,"4,105","8,251","3,217","1,193","6,295,226",315,0,"1,485,479","75,508","844,794","75,994","1,528,686",0
FAIRCHILD MEDICAL CENTER,Siskiyou,General,YREKA,25,3.4,2,0,"2,467",546,126,"1,193,589",14,0,"103,791","71,047","86,454",0,"327,773",0
FOOTHILL REGIONAL MEDICAL CENTER,Orange,General,TUSTIN,147,5.4,4,"1,747","1,598",312,156,"675,120",359,0,"132,742","39,748","62,160","89,911","35,208",0
FOUNTAIN VALLEY REGIONAL HOSPITAL AND MC - EUCLID,Orange,General,FOUNTAIN VALLEY,334,5.5,9,"3,496","4,036","1,147",646,"2,290,687",629,3,"1,003,564","6,083","211,017","122,656","140,657","6,160"
FOUNTAIN VALLEY REGIONAL HOSPITAL AND MC - EUCLID,Orange,General,FOUNTAIN VALLEY,334,5.3,9,803,561,319,172,"619,443",653,3,"276,338","1,724","56,194","24,300","37,568","1,728"
FREMONT HOSPITAL,Alameda,Psychiatric,FREMONT,148,8.2,0,0,0,287,70,"528,849",15,0,"129,025","16,236",0,0,"18,252",0
FRENCH HOSPITAL MEDICAL CENTER - SAN LUIS OBISPO,San Luis Obispo,General,SAN LUIS OBISPO,98,3.8,8,"1,124","2,911",519,197,"1,082,407",369,0,"292,268",0,"32,951","85,424","115,106",0
FRESNO SURGICAL HOSPITAL,Fresno,Specialty,FRESNO,27,1.8,9,"4,325","14,368",311,111,"597,027",200,0,"175,904","15,595","39,758",0,0,0
GARDEN GROVE HOSPITAL AND MEDICAL CENTER,Orange,General,GARDEN GROVE,167,4.5,6,374,11,281,95,"569,584",284,0,"188,218","9,082",0,0,"62,527",0
GARFIELD MEDICAL CENTER,Los Angeles,General,MONTEREY PARK,210,5.1,10,"4,004","2,431",839,372,"1,578,607",724,0,"534,776","15,656","125,939","97,093","114,026",0
GATEWAYS HOSPITAL AND MENTAL HEALTH CENTER,Los Angeles,Psychiatric,LOS ANGELES,55,45.3,0,0,0,306,30,"562,754",8,0,"54,372","7,926",0,0,"249,989",0
GEORGE L. MEE MEMORIAL HOSPITAL,Monterey,General,KING CITY,61,32.1,3,48,"1,084",320,94,"578,508",83,0,"68,536","18,226","108,300",0,"193,539",0
GLENDALE MEMORIAL HOSPITAL AND HEALTH CTR,Los Angeles,General,GLENDALE,285,4.5,8,"2,016","1,898",821,401,"1,641,181",247,0,"556,069","16,440","148,610","112,581","196,639","4,805"
GLENDORA HOSPITAL,Los Angeles,Psychiatric,GLENDORA,63,14.3,0,0,0,171,80,"331,696",30,0,"51,707","34,223","80,316",0,"15,216",0
GLENN MEDICAL CENTER,Glenn,General,WILLOWS,25,30.1,0,0,0,172,63,"336,487",22,0,"37,448","23,784","65,650","3,469","66,290",0
GOLETA VALLEY COTTAGE HOSPITAL,Santa Barbara,General,SANTA BARBARA,24,2.7,6,660,"2,340",259,87,"489,763",461,0,"121,488","7,527","44,690","7,633","83,559",0
GOOD SAMARITAN HOSPITAL - BAKERSFIELD,Kern,General,BAKERSFIELD,64,3.8,2,213,89,279,106,"498,782",78,0,"87,729","24,933","94,106","13,851","24,808",0
GOOD SAMARITAN HOSPITAL - SAN JOSE,Santa Clara,General,SAN JOSE,359,5.2,14,"2,421","4,110","1,454",768,"2,678,393","1,275",0,"1,213,510",0,"349,911","33,355","208,287",0
GREATER EL MONTE COMMUNITY HOSPITAL,Los Angeles,General,SOUTH EL MONTE,117,7.7,3,183,96,254,98,"481,972",110,0,"140,826","11,656","29,423","22,748","57,822",0
HAZEL HAWKINS MEMORIAL HOSPITAL,San Benito,General,HOLLISTER,135,18.1,6,448,"1,619",501,154,"931,375",79,0,"134,536","35,960","128,074","22,370","169,060",0
HEALDSBURG HOSPITAL,Sonoma,General,HEALDSBURG,28,8.5,3,35,566,237,76,"448,268",67,0,"86,740","13,188","51,098","7,383","76,190",0
HEALTHBRIDGE CHILDREN'S HOSPITAL - ORANGE,Orange,Children,ORANGE,27,113.8,0,0,0,82,44,"165,296",26,0,"32,066","24,698","31,757","3,685",0,0
HEMET GLOBAL MEDICAL CENTER,Riverside,General,HEMET,337,5.7,2,"1,388",791,785,366,"1,492,993",227,72,"498,244","47,173","202,356","13,718","162,657",0
HENRY MAYO NEWHALL HOSPITAL,Los Angeles,General,VALENCIA,344,5,9,"2,012","4,257","1,421",587,"3,167,831",524,0,"875,793","12,738","294,432","38,490","307,232",0
HERITAGE OAKS ENRICHMENT CENTER - PHF,Sacramento,Psychiatric,SACRAMENTO,16,15.4,0,0,0,30,18,"55,224",18,0,"13,461","4,733","20,114",0,0,0
HERITAGE OAKS HOSPITAL,Sacramento,Psychiatric,SACRAMENTO,133,11.4,0,0,0,281,94,"506,049",37,0,"100,064","10,437","85,141",0,"56,635",0
HI-DESERT MEDICAL CENTER,San Bernardino,General,JOSHUA TREE,132,16.5,1,349,356,296,130,"640,562",127,11,"82,175","37,747","69,426","80,315","88,390","15,121"
HIGHLAND HOSPITAL,Alameda,General,OAKLAND,475,8.7,12,"3,635","3,394","3,345",996,"6,202,644",705,140,"1,388,146","95,206","327,815","260,275","1,246,735","290,738"
HOAG MEMORIAL HOSPITAL PRESBYTERIAN,Orange,General,NEWPORT BEACH,536,4.3,20,"6,617","8,598","5,123","1,581","9,624,300","2,338",0,"2,606,577","64,664","615,546","1,933","927,008","61,955"
HOAG ORTHOPEDIC INSTITUTE,Orange,Specialty,IRVINE,70,2.3,9,"1,887","4,385",250,110,"456,230",351,0,"166,772",0,"63,037",0,"9,500",0
HOLLYWOOD PRESBYTERIAN MEDICAL CENTER,Los Angeles,General,LOS ANGELES,434,6.7,6,"2,192","3,574","1,271",586,"2,544,084",567,0,"737,092","86,595","244,559","151,258","150,224","2,777"
HUNTINGTON BEACH HOSPITAL,Orange,General,HUNTINGTON BEACH,131,6.3,3,180,14,318,88,"615,684",182,0,"157,189","25,641",0,0,"97,994",0
HUNTINGTON HOSPITAL,Los Angeles,General,PASADENA,532,5.1,15,"5,083","5,329","2,916","1,198","5,371,170","1,130",43,"1,744,852","10,024","539,606","197,835","464,622","15,309"
JEROLD PHELPS COMMUNITY HOSPITAL,Humboldt,General,GARBERVILLE,17,50.3,0,0,0,125,25,"233,889",4,0,"25,823","3,826","16,033","5,352","37,302",0
JEWISH HOME & REHAB CENTER,San Francisco,Psychiatric,SAN FRANCISCO,375,89.8,0,0,0,630,364,"1,309,259",48,0,"118,268","100,469","442,286","96,643","1,756",0
JOHN C. FREMONT HEALTHCARE DISTRICT,Mariposa,General,MARIOSA,34,26.5,1,0,"5,700",181,94,"377,483",77,0,"195,750",0,0,0,"114,070",0
JOHN F. KENNEDY MEMORIAL HOSPITAL,Riverside,General,INDIO,145,2.7,5,"1,486","1,382",426,223,"835,835",106,0,"299,008","8,069","102,766","54,262","150,833",0
JOHN MUIR BEHAVIORAL HEALTH CENTER,Contra Costa,Psychiatric,CONCORD,73,6.3,0,0,0,209,54,"392,019",15,0,"108,220","1,159",0,"3,413","30,203",0
JOHN MUIR MEDICAL CENTER - CONCORD CAMPUS,Contra Costa,General,CONCORD,238,5.1,13,"3,412","2,670","1,521",668,"3,078,275",758,19,"1,097,913",16,"190,300","100,552","259,724","61,507"
JOHN MUIR MEDICAL CENTER - WALNUT CREEK,Contra Costa,General,WALNUT CREEK,396,5.7,3,"5,224","3,217","2,378",846,"4,346,443",748,1,"1,626,425","72,950","53,241","6,232","599,616","25,264"
JOYCE EISENBERG KEEFER MEDICAL CENTER,Los Angeles,Psychiatric,RESEDA,249,432.2,0,0,0,413,228,"786,779",38,0,"71,652","81,914","319,904",0,0,0
KAISER FOUNDATION HOSPITAL - ANTIOCH,Contra Costa,General,ANTIOCH,150,3.8,9,"1,311","7,708",823,331,"1,498,538",900,0,"552,957",0,"93,152","42,361",0,0
KAISER FOUNDATION HOSPITAL - BALDWIN PARK,Los Angeles,General,BALDWIN PARK,271,4,18,"2,832","14,676","1,146",477,"2,108,466",661,0,"848,992",0,"75,032","68,266",0,0
KAISER FOUNDATION HOSPITAL - DOWNEY,Los Angeles,General,DOWNEY,424,4.6,24,"3,554","17,566","1,721",794,"3,261,558",832,0,"1,356,163",0,"159,439","136,394",0,"40,989"
KAISER FOUNDATION HOSPITAL - FONTANA,San Bernardino,General,FONTANA,664,4.4,45,"8,365","27,335","2,924","1,340","5,351,611","1,242",85,"2,424,993",614,"213,679","148,262",0,"156,608"
KAISER FOUNDATION HOSPITAL - FREMONT,Alameda,General,FREMONT,100,5,7,455,"5,266",561,209,"1,025,599",675,0,"322,838",572,"67,172","43,220",0,0
KAISER FOUNDATION HOSPITAL - FRESNO,Fresno,General,FRESNO,169,3.7,8,"1,323","7,933",838,325,"1,489,925",492,0,"557,576",0,"97,998","21,387",0,0
KAISER FOUNDATION HOSPITAL - LOS ANGELES,Los Angeles,General,LOS ANGELES,560,5.6,27,"7,005","13,574","2,473","1,080","4,728,966","1,061",240,"1,590,227","20,720","348,156","287,142",0,"448,940"
KAISER FOUNDATION HOSPITAL - MANTECA,San Joaquin,General,MANTECA,275,3.7,14,"2,492","16,922","1,319",531,"2,388,519",878,21,"926,328",0,"115,566","62,433",0,"38,576"
KAISER FOUNDATION HOSPITAL - MORENO VALLEY,Riverside,General,MORENO VALLEY,100,3.3,6,930,"6,531",421,239,"818,642",305,0,"373,063","1,172","69,486","53,203",0,0
KAISER FOUNDATION HOSPITAL - OAKLAND/RICHMOND,Alameda,General,OAKLAND,365,4.6,28,"4,983","15,788","2,397",882,"4,521,500","1,396",179,"1,436,727",815,"191,153","205,786",0,"334,061"
KAISER FOUNDATION HOSPITAL - ORANGE CO - ANAHEIM,Orange,General,ANAHEIM,526,4.2,35,"7,624","21,413","2,114","1,024","3,935,469","1,600",27,"1,743,940","11,588","227,577","145,848",0,"52,837"
KAISER FOUNDATION HOSPITAL - PANORAMA CITY,Los Angeles,General,PANORAMA CITY,218,3.7,12,"2,822","8,373",948,417,"1,742,951",907,0,"685,639",0,"122,510","59,019",0,647
KAISER FOUNDATION HOSPITAL - REDWOOD CITY,San Mateo,General,REDWOOD CITY,153,3.5,9,"1,662","5,919",710,286,"1,365,090",612,0,"449,452",0,"57,169","88,312",0,0
KAISER FOUNDATION HOSPITAL - RIVERSIDE,Riverside,General,RIVERSIDE,225,4.4,10,"2,934","10,583","1,273",513,"2,310,185",920,18,"914,470","1,203","104,221","46,381",0,"34,088"
KAISER FOUNDATION HOSPITAL - ROSEVILLE,Placer,General,ROSEVILLE,383,4.3,15,"2,999","18,729","2,058",976,"3,715,452","1,626",0,"1,736,180","8,629","201,853","82,951",0,0
KAISER FOUNDATION HOSPITAL - SACRAMENTO,Sacramento,General,SACRAMENTO,287,4.6,17,"2,631","15,296","1,194",486,"2,168,518","1,550",66,"807,194",0,"156,644","47,493",0,"39,888"
KAISER FOUNDATION HOSPITAL - SAN DIEGO,San Diego,General,SAN DIEGO,596,4.3,38,"6,879","28,684","2,410","1,066","4,607,883","1,436",39,"1,764,957",0,"196,203","257,138",0,"42,786"
KAISER FOUNDATION HOSPITAL - SAN FRANCISCO,San Francisco,General,SAN FRANCISCO,239,5,12,"3,142","6,619","1,320",600,"2,519,603",901,110,"919,641","5,630","171,255","152,421",0,"167,165"
KAISER FOUNDATION HOSPITAL - SAN JOSE,Santa Clara,General,SAN JOSE,247,4,14,"2,505","10,581","1,045",435,"1,982,447",702,38,"693,504",785,"113,815","97,344",0,"75,820"
KAISER FOUNDATION HOSPITAL - SAN LEANDRO,Alameda,General,SAN LEANDRO,216,3.9,10,"2,199","16,416","1,136",470,"2,125,556",805,1,"748,401",0,"103,338","125,828",0,"1,984"
KAISER FOUNDATION HOSPITAL - SAN MARCOS,San Diego,General,SAN MARCOS,168,3.5,12,389,"3,112",428,164,"836,669",29,0,"301,612",0,"28,849","10,662",0,0
KAISER FOUNDATION HOSPITAL - SAN RAFAEL,Marin,General,SAN RAFAEL,116,4.4,5,494,"4,358",483,185,"917,822",430,0,"263,997",0,"71,045","49,162",0,0
KAISER FOUNDATION HOSPITAL - SANTA CLARA,Santa Clara,General,SANTA CLARA,343,5.3,19,"3,610","18,630","1,987",940,"3,907,125","1,140",109,"1,387,958","3,110","245,059","318,148",0,"173,418"
KAISER FOUNDATION HOSPITAL - SANTA ROSA,Sonoma,General,SANTA ROSA,172,3.9,9,"1,911","9,721",903,373,"1,649,912",492,19,"618,007","1,094","119,040","38,296",0,"35,920"
KAISER FOUNDATION HOSPITAL - SOUTH BAY,Los Angeles,General,HARBOR,257,4.3,18,"2,801","14,511","1,106",505,"2,142,558",638,0,"774,300","4,137","138,176","133,385",0,"3,760"
KAISER FOUNDATION HOSPITAL - SOUTH SACRAMENTO,Sacramento,General,SACRAMENTO,241,4.4,14,"3,446","11,670","1,461",666,"2,646,548",801,23,"1,172,103",0,"154,054","59,459",0,"2,016"
KAISER FOUNDATION HOSPITAL - SOUTH SAN FRANCISCO,San Mateo,General,SOUTH SAN FRANCISCO,120,4.5,5,825,"5,525",518,218,"980,479",448,0,"317,342",453,"79,498","57,114",0,0
KAISER FOUNDATION HOSPITAL - VACAVILLE,Solano,General,VACAVILLE,150,4.6,10,"1,599","10,523",784,331,"1,425,430",705,0,"557,365","1,552","95,266","34,512",0,0
KAISER FOUNDATION HOSPITAL - WALNUT CREEK,Contra Costa,General,WALNUT CREEK,249,4.3,15,971,"15,060","1,358",582,"2,524,882","1,179",0,"924,007","2,146","176,338","108,996",0,0
KAISER FOUNDATION HOSPITAL - WEST LOS ANGELES,Los Angeles,General,WEST LOS ANGELES,265,4.4,15,"2,653","9,331",897,348,"1,679,535",623,0,"564,366",0,"98,428","60,847",0,0
KAISER FOUNDATION HOSPITAL - WOODLAND HILLS,Los Angeles,General,WOODLAND HILLS,274,4,16,"2,523","12,787",961,440,"1,870,188",697,19,"682,224",0,"105,135","127,687",0,"33,640"
KAISER FOUNDATION HOSPITAL REHABILITATION CENTER - VALLEJO,Solano,General,VALLEJO,253,6.2,10,"1,579","7,792","1,064",425,"1,984,309",756,28,"645,286","8,112","127,855","102,752",0,"56,701"
KAISER FOUNDATION NORTHERN REGION,,General,PASADENA,0,0,0,0,0,0,0,0,"16,557",593,0,0,0,0,0,0
KAISER FOUNDATION SOUTHERN REGION,,General,PASADENA,0,0,0,0,0,0,0,0,"10,951",428,0,0,0,0,0,0
KAISER PERMANENTE PHF - SANTA CLARA,Santa Clara,Psychiatric,SANTA CLARA,24,8.8,0,0,0,59,14,"108,957",69,0,"25,942",0,0,"2,368",0,0
KAWEAH DELTA MEDICAL CENTER,Tulare,General,VISALIA,608,6.1,13,"4,664","5,268","4,149","1,611","7,860,579",340,125,"1,591,515","324,652","1,275,184","158,777","1,188,664","278,441"
KECK HOSPITAL OF USC,Los Angeles,General,LOS ANGELES,322,7.4,31,"8,089","11,913","7,163","1,320","14,189,151",655,136,"2,016,204","158,196","497,189","150,576","1,124,456","3,572"
KEDREN COMMUNITY MENTAL HEALTH CENTER,Los Angeles,Psychiatric,LOS ANGELES,72,21.5,0,0,0,303,111,"628,218",0,0,"63,255","15,437","108,684","44,148",0,0
KENTFIELD HOSPITAL,Marin,Specialty,KENTFIELD,120,41,0,0,0,306,118,"521,367",14,0,"135,413","36,444","73,378",0,"18,817",0
KERN MEDICAL CENTER,Kern,General,BAKERSFIELD,222,5,8,"2,641","3,262","2,295",662,"4,962,007",348,107,"816,487","124,278","246,677","189,047","1,103,889","19,190"
KERN VALLEY HOSPITAL DISTRICT,Kern,General,LAKE ISABELLA,101,52.8,1,2,13,210,42,"401,295",29,0,"22,940","37,544","22,823","3,275","56,798",0
KINDRED HOSPITAL - BALDWIN PARK,Los Angeles,General,BALDWIN PARK,91,30.3,3,223,0,232,117,"473,821",233,0,"108,598","55,729","52,417","27,510",0,0
KINDRED HOSPITAL - BREA,Orange,General,BREA,86,47.9,2,10,0,237,98,"473,118",87,0,"79,556","38,662","67,969","17,469",0,0
KINDRED HOSPITAL - LA MIRADA,Los Angeles,General,LA MIRADA,248,36.3,2,89,0,511,251,"1,066,883",109,0,"197,532","129,213","112,573","82,485",0,0
KINDRED HOSPITAL - LOS ANGELES,Los Angeles,General,LOS ANGELES,81,39.7,2,80,0,262,113,"519,424",80,0,"100,476","50,002","71,745","13,823",0,0
KINDRED HOSPITAL - ONTARIO,San Bernardino,General,ONTARIO,91,56.1,3,383,0,254,129,"548,376",149,0,"84,802","64,104","57,106","61,610",0,0
KINDRED HOSPITAL - PARAMOUNT,Los Angeles,General,PARAMOUNT,183,35.1,4,232,0,321,151,"650,355",175,0,"135,923","73,577","71,989","31,951",0,0
KINDRED HOSPITAL - RANCHO,San Bernardino,General,RANCHO CUCAMONGA,55,33.6,4,252,15,169,81,"359,152",86,0,"69,995","37,195","28,991","31,345",0,0
KINDRED HOSPITAL - RIVERSIDE,Riverside,General,PERRIS,40,43.1,2,58,0,127,70,"272,043",66,0,"56,945","36,836","24,811","26,725",0,0
KINDRED HOSPITAL - SAN DIEGO,San Diego,General,SAN DIEGO,70,42.2,4,178,0,168,81,"363,815",52,0,"96,949","18,508","19,444","33,116",0,0
KINDRED HOSPITAL - SAN FRANCISCO BAY AREA,Alameda,General,SAN LEANDRO,99,71,3,36,0,223,117,"489,639",83,0,"141,993","16,744","38,075","45,751",0,0
KINDRED HOSPITAL - SOUTH BAY,Los Angeles,General,GARDENA,62,41,2,109,0,188,91,"391,292",107,0,"84,696","37,226","40,093","27,537",0,0
KINDRED HOSPITAL - WESTMINSTER,Orange,General,WESTMINSTER,109,44.6,3,137,0,302,158,"627,803",229,0,"167,443","57,015","57,388","46,592",0,0
L.A. DOWNTOWN MEDICAL CENTER,Los Angeles,General,LOS ANGELES,274,10.1,2,814,503,419,143,"667,084",110,0,"104,501","75,932","42,570","74,176","47,170",0
LA CASA PSYCHIATRIC HEALTH FACILITY,Los Angeles,Psychiatric,LONG BEACH,16,149,0,0,0,29,17,"54,703",4,0,"9,358","8,940","17,159",0,0,0
LA PALMA INTERCOMMUNITY HOSPITAL,Orange,General,LA PALMA,138,4.9,4,368,65,273,76,"537,315",149,0,"138,510","20,039",0,0,"82,510",0
LAC/HARBOR - UCLA MEDICAL CENTER,Los Angeles,General,TORRANCE,412,5.8,16,"5,586","5,783","4,289","1,681","8,695,165",724,467,"1,768,174","198,740","529,790","998,811","1,590,416","979,946"
LAC/OLIVE VIEW - UCLA MEDICAL CENTER,Los Angeles,General,SYLMAR,261,5.9,10,"1,935","4,242","2,540",938,"4,807,612","1,051",205,"1,171,236","140,259","408,917","229,932","1,107,956",0
LAC/RANCHO LOS AMIGOS NATIONAL REHABILITATION CENTER,Los Angeles,General,DOWNEY,158,14.5,10,430,"1,146","1,353",366,"2,430,007",207,26,"391,558","46,018","259,970","63,368","279,573","2,096"
LAGUNA HONDA HOSPITAL AND REHABILITATION CENTER,San Francisco,General,SAN FRANCISCO,780,272.1,0,0,0,"1,329",621,"2,523,192",125,0,"325,715","146,618","801,518","18,626","10,152",0
LAGUNA TREATMENT CENTER,Orange,Specialty,ALISO VIEJO,93,12.1,0,0,0,104,38,"229,884",0,0,"33,785","31,284",0,"13,432",0,0
LAKEWOOD REGIONAL MEDICAL CENTER,Los Angeles,General,LAKEWOOD,172,6.4,6,"1,604","1,773",739,397,"1,464,749",707,3,"597,206","2,358","148,776","77,984","137,105","6,160"
LAKEWOOD REGIONAL MEDICAL CENTER,Los Angeles,General,LAKEWOOD,172,6.6,6,401,439,210,109,"398,478",707,1,"175,983","1,012","40,318","9,697","36,801","1,728"
LANGLEY PORTER PSYCHIATRIC INSTITUTE,San Francisco,Psychiatric,SAN FRANCISCO,23,15.3,0,0,0,14,7,"26,397",199,47,"9,400",723,"3,662","1,361","1,809",0
LANGLEY PORTER PSYCHIATRIC INSTITUTE,San Francisco,Psychiatric,SAN FRANCISCO,23,12.6,0,0,0,110,57,"209,195",208,47,"80,630","4,316","27,907","4,958","3,210",0
LOMA LINDA UNIVERSITY BEHAVIORAL MEDICINE CENTER,San Bernardino,Psychiatric,REDLANDS,89,6.4,0,0,0,66,23,"120,938",111,2,"28,080",0,"19,046",0,"36,832",146
LOMA LINDA UNIVERSITY CHILDREN'S HOSPITAL,San Bernardino,Children,LOMA LINDA,364,4.9,5,"2,692","3,710","1,836",906,"3,440,853",850,123,"1,577,093","41,241","244,218","22,860","449,706","1,045"
LOMA LINDA UNIVERSITY MEDICAL CENTER,San Bernardino,General,LOMA LINDA,575,6.2,28,"9,255","8,638","5,685","1,833","10,741,984",971,449,"2,920,192","35,984","735,200","121,878","1,250,215","29,015"
LOMA LINDA UNIVERSITY MEDICAL CENTER - MURRIETA,Riverside,General,MURRIETA,140,4.2,5,"1,562","1,837","1,128",470,"2,147,206",227,38,"734,475","20,905","197,122","24,881","251,083","96,916"
LOMPOC VALLEY MEDICAL CENTER,Santa Barbara,General,LOMPOC,170,16.4,4,792,"1,306",748,269,"1,405,302",129,0,"264,315","27,176","169,835","98,367","145,329",0
LOS ALAMITOS MEDICAL CENTER,Orange,General,LOS ALAMITOS,167,5.9,6,"1,911","2,917",842,441,"1,661,563",479,0,"698,484",0,"145,713","73,133","142,159",0
LOS ALAMITOS MEDICAL CENTER,Orange,General,LOS ALAMITOS,167,5.7,6,436,673,229,116,"448,563",479,0,"180,120",0,"40,244","20,270","35,923",0
LOS ANGELES COMMUNITY HOSPITAL,Los Angeles,General,LOS ANGELES,212,6.2,7,"1,888","1,091",599,313,"1,285,677",220,0,"272,858","109,230","103,419","165,787","73,182",0
LOS ANGELES GENERAL MEDICAL CENTER,Los Angeles,General,LOS ANGELES,638,5.8,25,"6,669","6,528","7,245","2,555","13,620,377","1,397",694,"3,083,916","202,188","1,323,161","705,357","2,117,753","1,832,763"
LOS ROBLES HOSPITAL AND MEDICAL CENTER,Ventura,General,THOUSAND OAKS,386,5.1,10,"3,461","3,968","1,166",549,"2,295,540",685,0,"892,865",0,"119,266","130,554","161,056",0
LUCILE SALTER PACKARD CHILDREN'S HOSPITAL AT STANFORD,Santa Clara,Children,PALO ALTO,394,7.1,13,"3,466","7,143","4,988","1,578","9,649,887","1,827",251,"2,406,633","1,965","439,246","433,712","1,407,929","26,662"
MAD RIVER COMMUNITY HOSPITAL,Humboldt,General,ARCATA,46,3.9,2,433,"1,554",354,83,"623,431",59,0,"102,361","18,803","21,287","30,478","81,264",0
MAMMOTH HOSPITAL,Mono,General,MAMMOTH LAKES,17,2.7,3,183,"1,865",373,71,"682,812",71,0,"92,903","7,965","46,477",0,"205,613",0
MARIAN MEDICAL CENTER,Santa Barbara,General,SANTA MARIA,361,5.4,13,"6,017","9,626","2,117",707,"4,062,194",595,29,"1,072,696","79,688","248,525","69,653","647,140","67,632"
MARIE GREEN PSYCHIATRIC CENTER - PHF,Merced,Psychiatric,MERCED,16,7.7,0,0,0,0,0,0,0,0,0,0,0,0,0,0
MARINHEALTH MEDICAL CENTER,Marin,General,GREENBRAE,327,5.1,11,"1,823","7,889","1,400",496,"2,650,937",281,0,"788,048",0,"193,840","49,389","205,491",0
MARK TWAIN MEDICAL CENTER,Calaveras,General,SAN ANDREAS,25,3.1,2,170,559,496,96,"976,840",20,0,"164,122","18,724","12,132","4,177","265,184",0
MARSHALL MEDICAL CENTER,El Dorado,General,PLACERVILLE,110,3.9,11,"1,040","2,266","1,118",225,"2,127,411",110,0,"343,016","32,461","83,634","8,998","493,552",0
"MARTIN LUTHER KING, JR. COMMUNITY HOSPITAL",Los Angeles,General,LOS ANGELES,131,5.7,5,"2,486",277,"1,160",545,"2,367,472",467,21,"704,143",0,"213,669","215,612","498,221","59,760"
MAYERS MEMORIAL HOSPITAL,Shasta,General,FALL RIVER MILLS,115,87.6,1,0,63,265,77,"563,226",93,0,"40,960","13,578","87,040","19,234","89,778",0
MEMORIAL HOSPITAL LOS BANOS,Merced,General,LOS BANOS,38,2.7,2,482,802,257,88,"513,511",30,0,"167,267","3,030",16,"13,529","118,501",0
MEMORIAL HOSPITAL MODESTO,Stanislaus,General,MODESTO,419,5,18,"5,692","6,604","2,030",972,"4,163,064",541,0,"1,766,764",0,"25,422","229,658","476,600",0
MEMORIAL HOSPITAL OF GARDENA,Los Angeles,General,GARDENA,172,8,4,604,805,609,289,"1,182,952",154,0,"229,328","77,502","121,905","171,998","139,971",0
MEMORIALCARE LONG BEACH MEDICAL CENTER,Los Angeles,General,LONG BEACH,453,6,26,"4,596","5,642","2,555","1,175","4,957,840","1,270",71,"1,733,551","30,501","602,138","77,476","827,707","57,414"
MEMORIALCARE MILLER CHILDREN'S & WOMEN'S HOSPITAL LONG BEACH,Los Angeles,Children,LONG BEACH,355,4.5,16,"1,671","3,127","1,791",746,"3,297,002",990,54,"1,197,806","12,045","310,719","32,100","333,726","49,382"
MEMORIALCARE ORANGE COAST MEDICAL CENTER,Orange,General,FOUNTAIN VALLEY,221,4.4,8,"2,961","4,118","1,435",700,"2,856,441",137,0,"1,033,513","1,660","328,726","91,530","353,582",0
MEMORIALCARE SADDLEBACK MEDICAL CENTER,Orange,General,LAGUNA HILLS,252,4.1,13,"1,869","2,620","1,404",560,"2,655,366",263,0,"887,436","17,661","210,457","49,638","357,883",0
MENIFEE GLOBAL MEDICAL CENTER,Riverside,General,HEMET,84,4.2,2,222,11,276,126,"501,797",87,0,"190,143","18,016","54,025",0,"79,618",0
MERCY GENERAL HOSPITAL,Sacramento,General,SACRAMENTO,313,4.9,15,"3,694","12,463","1,680",588,"3,147,471",691,6,"1,036,560",0,"132,497","54,871","252,942","21,336"
MERCY HOSPITAL - BAKERSFIELD,Kern,General,BAKERSFIELD,229,4.1,12,"2,786","4,413","1,123",364,"2,110,163",316,0,"584,238","17,336","105,700","50,819","289,579",0
MERCY HOSPITAL - FOLSOM,Sacramento,General,FOLSOM,106,3.6,5,"1,766","1,904",681,268,"1,307,343",514,0,"394,564",0,"104,198","58,617","202,713",0
MERCY MEDICAL CENTER - MERCED,Merced,General,MERCED,186,4.3,7,"2,443","2,979","1,130",411,"2,167,984",228,24,"611,279","36,121","115,315","92,678","335,977","50,968"
MERCY MEDICAL CENTER - MT. SHASTA,Siskiyou,General,MT. SHASTA,25,3,2,217,"1,725",233,48,"433,429",59,0,"76,233","4,341","1,913","16,589","107,235",0
MERCY MEDICAL CENTER - REDDING,Shasta,General,REDDING,266,5,6,"3,625","5,137","1,556",608,"2,985,144",222,16,"988,895","23,599","148,345","103,350","500,898","57,555"
MERCY SAN JUAN MEDICAL CENTER,Sacramento,General,CARMICHAEL,384,4.9,10,"4,290","3,585","1,997",800,"3,743,209",866,2,"1,357,747","6,052","198,517","101,236","512,172",144
MERRITT PERALTA INSTITUTE CDRH,Alameda,Specialty,OAKLAND,24,9.9,0,0,0,15,9,"29,950",7,0,"17,018","1,642",411,0,188,0
METHODIST HOSPITAL - SACRAMENTO,Sacramento,General,SACRAMENTO,329,9.3,15,"1,652","4,320","1,063",444,"2,019,108",232,16,"576,919","35,212","252,606","57,828","238,005","12,987"
METROPOLITAN STATE HOSPITAL,Los Angeles,Specialty,NORWALK,"1,106",187.7,0,0,0,0,0,0,97,0,0,0,0,0,0,0
MILLS-PENINSULA MEDICAL CENTER,San Mateo,General,BURLINGAME,301,4.8,20,"2,939","8,965","1,455",496,"2,832,533",772,0,"983,920","7,465","39,890",0,"197,113","11,432"
MISSION COMMUNITY HOSPITAL - PANORAMA,Los Angeles,General,PANORAMA CITY,145,6.8,4,"1,396",594,719,247,"1,381,521",183,28,"308,714","70,945","91,194","43,098","120,012","60,369"
MODOC MEDICAL CENTER,Modoc,General,ALTURAS,58,56.6,1,1,62,213,70,"442,609",21,0,"17,584","16,921","77,722","32,732","106,411",0
MONROVIA MEMORIAL HOSPITAL,Los Angeles,General,MONROVIA,49,22.1,2,161,75,109,38,"210,618",204,0,"43,698","5,973","30,362",0,0,0
MONTCLAIR HOSPITAL MEDICAL CENTER,San Bernardino,General,MONTCLAIR,106,3.5,3,383,170,227,70,"471,755",193,2,"91,755","22,288",0,"31,182","61,092",40
MONTEREY PARK HOSPITAL,Los Angeles,General,MONTEREY PARK,101,5,5,768,"1,053",252,76,"451,893",268,0,"130,511","8,726","17,326","2,077","43,756",0
MOTION PICTURE AND TELEVISION HOSPITAL,Los Angeles,General,WOODLAND HILLS,261,307,0,0,0,399,128,"769,939",39,0,"19,596","70,360","135,916","40,757",0,0
MOUNTAINS COMMUNITY HOSPITAL,San Bernardino,General,LAKE ARROWHEAD,37,29.9,1,81,119,237,66,"456,349",9,0,"57,091","22,573","53,234","4,047","75,197",0
NAPA STATE HOSPITAL,Napa,Specialty,NAPA,"1,284",467.9,0,0,0,0,0,0,119,0,0,0,0,0,0,0
NATIVIDAD MEDICAL CENTER,Monterey,General,SALINAS,172,5.3,4,"2,992","2,091","1,360",546,"2,578,448",244,28,"753,859","12,904","309,417","60,447","453,539","10,339"
NORTH VALLEY BEHAVIORAL HEALTH - PHF,Sutter,Psychiatric,YUBA CITY,16,42.1,0,0,0,0,0,0,3,0,0,0,0,0,0,0
NORTHBAY MEDICAL CENTER,Solano,General,FAIRFIELD,204,4.8,9,"2,732","8,645","1,743",620,"3,197,666",439,0,"973,082","67,305","190,148","59,996","899,862",0
NORTHERN INYO HOSPITAL,Inyo,General,BISHOP,25,2.7,3,232,"1,516",353,87,"651,897",102,0,"122,696","19,225","39,029",0,"137,952",0
NORTHRIDGE HOSPITAL MEDICAL CENTER,Los Angeles,General,NORTHRIDGE,394,5.4,10,"2,912","1,930","1,671",619,"3,173,863",670,24,"948,280",70,"238,780","100,096","317,132","52,552"
NOVATO COMMUNITY HOSPITAL,Marin,General,NOVATO,47,3.3,3,802,"2,123",223,73,"416,863",274,0,"141,813",0,"9,561",0,"44,367",0
OAK VALLEY HOSPITAL DISTRICT,Stanislaus,General,OAKDALE,150,48.4,2,101,672,427,116,"830,637",36,0,"96,618","29,431","80,730","35,234","274,726",0
OCEAN VIEW PSYCHIATRIC HEALTH FACILITY,Los Angeles,Psychiatric,LONG BEACH,63,10.5,0,0,0,103,49,"198,669",9,0,"26,843","19,615","54,498",0,0,0
ORANGE COUNTY GLOBAL MEDICAL CENTER,Orange,General,SANTA ANA,256,5.4,11,"2,350",945,887,446,"1,731,745",105,0,"655,744","14,545","157,517","100,616","140,279",0
ORCHARD HOSPITAL,Butte,General,GRIDLEY,24,11.2,0,0,0,157,45,"294,890",23,0,"57,489","12,283","23,394",0,"64,881",0
OROVILLE HOSPITAL,Butte,General,OROVILLE,279,7,5,"1,720","2,681","1,642",398,"3,063,140",124,0,"469,866","112,019","214,186","32,471","561,667",0
PACIFIC GROVE HOSPITAL,Riverside,Psychiatric,RIVERSIDE,68,7.8,0,0,0,144,68,"276,930",9,0,"52,416","26,208","58,182","4,870","15,687",0
PACIFICA HOSPITAL OF THE VALLEY,Los Angeles,General,SUN VALLEY,231,13.2,3,104,116,479,200,"878,432",96,0,"187,007","123,530","103,120","2,378","95,376",0
PALMDALE REGIONAL MEDICAL CENTER,Los Angeles,General,PALMDALE,184,5.2,7,"2,108","2,902",856,403,"1,691,863",537,8,"562,016","42,729","166,484","66,296","259,549","10,284"
PALO VERDE HOSPITAL,Riverside,General,BLYTHE,16,3.3,2,53,374,53,19,"126,761",45,0,"9,086","1,938",0,"27,738","21,678",0
PALOMAR MEDICAL CENTER,San Diego,General,ESCONDIDO,292,4.3,10,"4,190","2,805","1,979",912,"3,777,740",696,0,"1,334,874","4,187","479,986","78,738","532,814",0
PALOMAR MEDICAL CENTER POWAY,San Diego,General,POWAY,182,10.1,11,811,"2,724","1,192",497,"2,101,414",294,0,"661,221","71,613","290,336","29,739","265,850",0
PALOMAR REHABILITATION INSTITUTE,San Diego,Specialty,ESCONDIDO,52,11.6,0,0,0,101,52,"227,890",37,0,"56,321","9,181","21,742","20,105",0,0
PARADISE VALLEY HOSPITAL,San Diego,General,NATIONAL CITY,291,6.8,5,336,306,585,157,"1,162,357",209,0,"239,043","52,146","2,395","32,389","83,224",0
PATIENTS' HOSPITAL OF REDDING,Shasta,Specialty,REDDING,5,2.5,2,90,311,28,9,"54,659",24,0,"12,139","4,383","1,478",0,0,0
PATTON STATE HOSPITAL,San Bernardino,Specialty,PATTON,"1,560",484.8,0,0,0,0,0,0,128,0,0,0,0,0,0,0
PETALUMA VALLEY HOSPITAL,Sonoma,General,PETALUMA,59,4.1,10,325,"1,799",235,106,"485,840",89,0,"144,752",0,"55,282","21,355","84,970",0
PIH HEALTH DOWNEY HOSPITAL,Los Angeles,General,DOWNEY,156,3.7,16,"1,277","2,493",987,334,"1,865,614",488,21,"465,453","45,821","172,540","10,507","429,679","44,525"
PIH HEALTH GOOD SAMARITAN HOSPITAL,Los Angeles,General,LOS ANGELES,359,4.7,20,"1,923","4,146","1,222",511,"2,575,394",178,9,"739,781","33,216","166,578","123,571","211,207","5,803"
PIH HEALTH WHITTIER HOSPITAL,Los Angeles,General,WHITTIER,493,5.1,17,"3,891","8,994","3,320","1,207","6,230,486",714,18,"1,753,220","183,208","554,936","19,472","780,439","54,070"
PIONEERS MEMORIAL HEALTHCARE DISTRICT,Imperial,General,BRAWLEY,206,8.4,6,"1,344","3,125",981,367,"1,830,448",73,0,"423,791","100,130","239,073",0,"303,481",0
PLACENTIA LINDA HOSPITAL,Orange,General,PLACENTIA,74,3.8,5,635,"2,573",327,153,"649,344",370,0,"243,864",0,"54,106","19,698","104,313",0
PLACENTIA LINDA HOSPITAL,Orange,General,PLACENTIA,74,3.8,5,161,543,92,44,"182,082",370,0,"70,051",0,"15,393","6,624","28,949",0
PLUMAS DISTRICT HOSPITAL,Plumas,General,QUINCY,16,2.2,1,38,177,225,50,"582,762",18,0,"38,804","13,444","30,517","21,037","182,887",0
POMONA VALLEY HOSPITAL MEDICAL CENTER,Los Angeles,General,POMONA,412,4.6,11,"4,209","6,586","3,000","1,067","5,619,797",745,26,"2,002,090",0,"114,948","102,486","564,219","118,469"
PORTERVILLE STATE HOSPITAL,Tulare,Specialty,PORTERVILLE,197,430.4,0,0,0,0,0,0,16,0,0,0,0,0,0,0
PROVIDENCE HOLY CROSS MEDICAL CENTER,Los Angeles,General,MISSION HILLS,346,5.7,10,"5,796","4,452","1,752",879,"3,424,357",182,0,"1,248,833","19,376","406,493","153,768","321,629",373
PROVIDENCE LITTLE COMPANY OF MARY MC - SAN PEDRO,Los Angeles,General,SAN PEDRO,267,10.3,6,"1,457","3,287",862,398,"1,866,554",133,0,"428,260","110,034","201,717","88,158","176,913",0
PROVIDENCE LITTLE COMPANY OF MARY MC - TORRANCE,Los Angeles,General,TORRANCE,423,5.7,10,"2,957","5,428","1,668",833,"3,476,258",560,0,"1,149,977","11,795","329,388","241,739","378,257",0
PROVIDENCE MISSION HOSPITAL,Orange,General,MISSION VIEJO,405,4.3,17,"3,970","5,235","2,175",900,"4,296,679",592,0,"1,242,524","2,062","441,681","185,904","492,879","17,700"
PROVIDENCE QUEEN OF THE VALLEY MEDICAL CENTER,Napa,General,NAPA,180,3.7,10,"1,186","3,593",820,332,"1,600,338",166,0,"496,472","4,003","134,005","55,209","153,955",0
PROVIDENCE REDWOOD MEMORIAL HOSPITAL,Humboldt,General,FORTUNA,19,4.6,4,132,"1,791",160,64,"320,729",73,0,"92,028",8,"23,536","17,279","63,817",0
PROVIDENCE SANTA ROSA MEMORIAL HOSPITAL,Sonoma,General,SANTA ROSA,269,5.1,19,"3,095","7,140","1,551",736,"3,215,777",308,0,"1,025,290","3,823","382,302","118,731","429,618",0
PROVIDENCE ST. JOHN'S HEALTH CENTER,Los Angeles,General,SANTA MONICA,229,4.1,17,"3,515","7,318","1,219",552,"2,538,941",757,0,"760,021",176,"216,534","170,950","401,737",0
PROVIDENCE ST. JOSEPH HOSPITAL,Orange,General,ORANGE,361,4.3,19,"5,242","5,823","2,266",962,"4,303,639",601,0,"1,421,355","3,701","481,473","94,532","579,091","19,743"
PROVIDENCE ST. JOSEPH HOSPITAL - EUREKA,Humboldt,General,EUREKA,141,5.4,3,"2,747","6,130",999,448,"2,037,950",183,18,"642,108","8,431","188,158","93,043","218,068","43,706"
PROVIDENCE ST. JOSEPH MEDICAL CENTER,Los Angeles,General,BURBANK,350,4.5,15,"4,894","6,900","1,542",699,"3,055,884",295,0,"1,083,383","7,194","253,454","109,691","369,601",0
PROVIDENCE ST. JUDE MEDICAL CENTER,Orange,General,FULLERTON,320,5.2,12,"3,196","11,556","2,326",958,"4,392,780",701,0,"1,368,347","1,989","547,770","73,561","450,098",0
PROVIDENCE ST. MARY MEDICAL CENTER,San Bernardino,General,APPLE VALLEY,208,4.5,9,"1,617","3,144","1,278",584,"2,572,796",212,0,"956,236","3,159","143,686","110,919","352,149",0
PROVIDENCE TARZANA MEDICAL CENTER,Los Angeles,General,TARZANA,204,3.8,10,"6,041","11,997","1,059",488,"2,058,237",864,0,"757,110","8,980","184,389","64,054","228,430",0
RADY CHILDREN'S HOSPITAL - SAN DIEGO,San Diego,Children,SAN DIEGO,436,5.7,16,"6,371","14,128","5,061","1,322","10,935,673","1,489",145,"2,167,420","39,283","243,142","299,738","1,299,353","187,828"
REDLANDS COMMUNITY HOSPITAL,San Bernardino,General,REDLANDS,223,4.7,14,"2,860","3,449","1,376",507,"2,606,036",497,0,"776,788","44,157","181,467","51,806","440,846",0
REGIONAL MEDICAL CENTER OF SAN JOSE,Santa Clara,General,SAN JOSE,258,5.6,7,"2,143","1,793","1,020",569,"1,832,576",438,0,"803,421",0,"347,120","33,367","223,782",0
REHABILITATION HOSPITAL OF SOUTHERN CALIFORNIA,Riverside,Specialty,RANCHO MIRAGE,50,13.3,0,0,0,122,48,"234,463",9,0,"35,886","25,788","36,634","2,169",0,0
RESNICK NEUROPSYCHIATRIC HOSPITAL AT UCLA,Los Angeles,Psychiatric,LOS ANGELES,74,14.3,0,0,0,363,170,"652,712",183,51,"244,360","1,231","105,830","2,237","62,684","5,172"
RESTPADD PSYCHIATRIC HEALTH FACILITY,Shasta,Psychiatric,REDDING,16,14.8,0,0,0,51,25,"100,527",3,0,"3,578","22,769","24,518",464,0,0
RESTPADD RED BLUFF PSYCHIATRIC HEALTH FACILITY,Tehama,Psychiatric,RED BLUFF,16,11.3,0,0,0,45,30,"88,684",2,0,"2,767","23,265","36,866",0,0,0
RIDGECREST REGIONAL HOSPITAL,Kern,General,RIDGECREST,150,15.9,5,362,"4,050",832,245,"1,586,595",48,0,"248,578","73,599","149,187","38,557","561,366",0
RIVER VISTA BEHAVIORAL HEALTH,Madera,Psychiatric,MADERA,21,15.2,0,0,0,30,5,"58,492",8,0,"7,719","1,910",0,0,0,0
RIVERSIDE COMMUNITY HOSPITAL,Riverside,General,RIVERSIDE,503,4.8,17,"5,701","8,276","2,181","1,149","4,197,409",776,162,"1,554,503","8,407","753,043","74,131","405,580","25,339"
RIVERSIDE UNIVERSITY HEALTH SYSTEM MEDICAL CENTER,Riverside,General,MORENO VALLEY,439,5.9,10,"6,335","5,489","3,779","1,167","7,000,521",678,158,"1,745,849","164,114","482,340","34,543","1,011,936","470,739"
RONALD REAGAN UCLA MEDICAL CENTER,Los Angeles,General,LOS ANGELES,557,7.9,23,"8,484","21,167","8,021","2,374","14,670,053","3,225",805,"3,617,587","159,299","973,057","187,061","1,256,391","59,695"
"SACRAMENTO BEHAVIORAL HEALTHCARE HOSPITAL, LLC",Sacramento,Psychiatric,SACRAMENTO,117,24.8,0,0,0,212,113,"412,441",35,0,"61,549","23,888","132,530","16,998","1,445",0
SACRAMENTO MENTAL HEALTH TREATMENT CENTER - PHF,Sacramento,Psychiatric,SACRAMENTO,50,45.9,0,0,0,0,0,0,3,13,0,0,0,0,0,0
SACRAMENTO REHABILITATION HOSPITAL,Sacramento,Specialty,SACRAMENTO,50,15.8,0,0,0,88,26,"170,496",0,0,"48,415",688,"5,419",0,0,0
SALINAS VALLEY HEALTH MEDICAL CENTER,Monterey,General,SALINAS,263,3.7,9,"1,380","3,581","1,711",479,"3,164,258",362,0,"742,156","1,626","172,323","80,242","327,262","16,769"
SAN ANTONIO REGIONAL HOSPITAL,San Bernardino,General,UPLAND,289,4.6,9,"3,252","4,448","1,837",765,"3,550,285",541,0,"1,138,727","25,194","350,310","77,060","407,766",0
SAN DIEGO COUNTY PSYCHIATRIC HOSPITAL,San Diego,Psychiatric,SAN DIEGO,301,65.5,0,0,0,530,247,"870,871",38,0,"194,564","33,575","269,563","15,804","146,551",0
SAN DIMAS COMMUNITY HOSPITAL,Los Angeles,General,SAN DIMAS,101,4.4,3,543,738,228,98,"536,100",109,0,"99,904","23,077","1,374","79,265","56,475",0
SAN GABRIEL VALLEY MEDICAL CENTER,Los Angeles,General,SAN GABRIEL,273,7.5,6,"1,186","1,652",682,313,"1,213,980",176,0,"438,232","46,384","146,484","20,747","72,875",0
SAN GORGONIO MEMORIAL HOSPITAL,Riverside,General,BANNING,79,3.8,2,406,791,495,143,"949,263",184,5,"220,512","26,717","36,935","13,248","145,912",0
SAN JOAQUIN - PHF,San Joaquin,Psychiatric,STOCKTON,16,53.5,0,0,0,0,0,0,2,0,0,0,0,0,0,0
SAN JOAQUIN GENERAL HOSPITAL,San Joaquin,General,FRENCH CAMP,196,5.2,8,"2,975","4,457","1,922",645,"3,849,517",212,52,"1,056,341","41,660","112,844","131,654","672,895","160,665"
SAN JOAQUIN VALLEY REHABILITATION HOSPITAL,Fresno,General,FRESNO,52,12.4,0,0,0,274,63,"470,355",9,0,"83,574","16,492","30,077",0,"57,386",0
SAN JOSE BEHAVIORAL HEALTH,Santa Clara,Psychiatric,SAN JOSE,133,9.6,0,0,0,205,45,"386,624",46,0,"83,784","9,657",0,0,"16,389",0
SAN LUIS OBISPO COUNTY - PHF,San Luis Obispo,Psychiatric,SAN LUIS OBISPO,16,7.1,0,0,0,28,2,"56,182",1,0,"1,297","2,540",0,0,0,0
SAN MATEO MEDICAL CENTER,San Mateo,General,SAN MATEO,447,42.8,3,643,"1,938","1,068",361,"2,103,455",353,5,"385,304","29,953","212,282","122,903","881,688","12,706"
SAN RAMON REGIONAL MEDICAL CENTER,Contra Costa,General,SAN RAMON,116,4.2,8,934,"3,431",413,167,"802,463",492,0,"259,212",0,"55,464","32,613","67,040",0
SANTA BARBARA COTTAGE HOSPITAL,Santa Barbara,General,SANTA BARBARA,392,5.3,21,"4,427","6,687","2,285",880,"4,424,264",461,83,"1,298,415","12,907","457,379","61,893","476,200","226,207"
SANTA BARBARA PSYCHIATRIC HEALTH FACILITY,Santa Barbara,Psychiatric,SANTA BARBARA,16,17.9,0,0,0,0,0,0,3,0,0,0,0,0,0,0
SANTA CLARA VALLEY MEDICAL CENTER,Santa Clara,General,SAN JOSE,957,6.3,25,"7,970","10,244","8,599","2,801","15,329,504",985,209,"4,242,515","387,716","1,134,654","60,830","3,369,457","266,309"
SANTA MONICA - UCLA MEDICAL CENTER AND ORTHOPAEDIC HOSPITAL,Los Angeles,General,SANTA MONICA,281,5.8,24,"3,103","14,889","2,343","1,018","4,366,633","1,571",129,"1,470,510","5,255","584,452","56,697","251,576","2,871"
SANTA YNEZ VALLEY COTTAGE HOSPITAL,Santa Barbara,General,SOLVANG,11,2.7,2,0,25,80,23,"149,435",461,0,"29,045","2,356","15,103","2,032","47,036",0
SCRIPPS GREEN HOSPITAL,San Diego,Specialty,LA JOLLA,150,4.7,12,"3,496","7,348","1,153",398,"2,203,934",451,72,"554,784",0,"210,808","61,344","72,715","212,647"
SCRIPPS MEMORIAL HOSPITAL - ENCINITAS,San Diego,General,ENCINITAS,189,4.1,6,"2,568","4,439","1,301",568,"2,456,316",632,3,"748,365",0,"385,781","46,947","300,050","6,120"
SCRIPPS MEMORIAL HOSPITAL - LA JOLLA,San Diego,General,LA JOLLA,401,4.9,23,"5,686","7,600","2,577","1,860","6,214,834",582,0,"1,702,220","1,608","668,705","1,495,478","315,791",0
SCRIPPS MERCY HOSPITAL,San Diego,General,SAN DIEGO,559,5.4,20,"7,838","6,354","3,805","1,690","7,139,654",861,103,"2,131,641","5,094","1,253,868","124,811","1,208,568","294,817"
SELECT SPECIALTY HOSPITAL - SAN DIEGO,San Diego,Specialty,SAN DIEGO,110,41.1,0,0,0,287,154,"586,157",37,0,"171,417","6,056","86,716","55,599",0,0
SEMPERVIRENS P.H.F.,Humboldt,Psychiatric,EUREKA,16,23.1,0,0,0,0,0,0,8,0,0,0,0,0,0,0
SENECA HEALTHCARE DISTRICT,Plumas,General,CHESTER,26,102,1,0,179,116,29,"215,617",5,0,"11,097","27,660","21,533",0,"36,569",0
SEQUOIA HOSPITAL,San Mateo,General,REDWOOD CITY,208,3.7,11,"1,554","3,212",666,194,"1,215,106",232,0,"363,258",0,"39,224",939,"76,649","4,654"
SHARP CHULA VISTA MEDICAL CENTER,San Diego,General,CHULA VISTA,449,6.3,15,"3,898","6,238","2,176",955,"3,895,018",265,0,"1,508,594","36,108","400,445","41,204","387,140",0
SHARP CORONADO HOSPITAL AND HEALTHCARE CENTER,San Diego,General,CORONADO,155,12.8,5,587,"2,004",607,264,"1,101,773",88,0,"316,238","74,418","151,379","7,956","117,737",0
SHARP GROSSMONT HOSPITAL,San Diego,General,LA MESA,514,5.1,21,"5,260","8,813","3,526","1,315","6,199,010",411,0,"2,146,171","157,712","316,336","114,790","1,168,568",844
SHARP MCDONALD CENTER,San Diego,Specialty,SAN DIEGO,16,12.7,0,0,0,23,7,"42,963",28,0,"13,696",0,0,0,"9,835",0
SHARP MEMORIAL HOSPITAL,San Diego,General,SAN DIEGO,665,5,38,"9,256","19,875","3,980","1,573","7,131,599","2,011",0,"2,879,366","20,179","282,689","89,435","894,652","73,095"
SHARP MESA VISTA HOSPITAL,San Diego,Psychiatric,SAN DIEGO,132,8.7,0,0,0,488,131,"863,665",168,0,"245,853","26,169","1,222",0,0,0
SHASTA REGIONAL MEDICAL CENTER,Shasta,General,REDDING,226,4.5,8,"1,223","1,553",510,162,"1,062,660",329,6,"243,223","49,510","4,931","38,607","104,414","12,792"
SHERMAN OAKS HOSPITAL,Los Angeles,General,SHERMAN OAKS,153,6.8,7,580,151,411,117,"789,424",230,0,"204,779","30,339",0,"7,203","54,368",0
SHRINERS HOSPITAL FOR CHILDREN - NORTHERN CALIFORNIA,Sacramento,Children,SACRAMENTO,50,7,10,863,"1,126",0,0,0,30,0,0,0,0,0,0,0
SIERRA NEVADA MEMORIAL HOSPITAL,Nevada,General,GRASS VALLEY,104,4,3,943,993,591,188,"1,113,701",258,1,"304,099",0,"58,601","27,887","225,856","1,988"
SIERRA VIEW MEDICAL CENTER,Tulare,General,PORTERVILLE,163,6.1,3,"1,106","2,415",841,280,"1,517,305",59,15,"376,602","45,251","147,840","13,096","132,016","2,492"
SIERRA VISTA HOSPITAL,Sacramento,Psychiatric,SACRAMENTO,171,11.6,0,0,0,308,66,"559,355",16,0,"111,779","25,392",0,0,"24,129",0
SIERRA VISTA REGIONAL MEDICAL CENTER,San Luis Obispo,General,SAN LUIS OBISPO,141,4.9,9,"1,516","2,232",516,244,"1,009,433",373,0,"377,879",0,"83,209","46,535","81,839",0
SONOMA COUNTY HEALING CENTER - PHF,Sonoma,Psychiatric,SANTA ROSA,16,31.5,0,0,0,45,5,"86,565",1,0,0,"10,243",0,0,0,0
SONOMA SPECIALTY HOSPITAL,Sonoma,General,SEBASTOPOL,58,26.7,0,0,0,127,52,"242,331",56,0,"48,409","56,815","2,917",0,0,0
SONOMA VALLEY HOSPITAL,Sonoma,General,SONOMA,51,13.5,3,151,891,236,43,"457,110",29,0,"64,327",0,"8,244","16,104","41,967",0
SOUTH COAST GLOBAL MEDICAL CENTER,Orange,General,SANTA ANA,178,9.9,3,691,"1,799",325,173,"588,067",354,0,"209,227","53,510","96,242",234,"39,683",0
SOUTHERN CALIFORNIA HOSPITAL AT HOLLYWOOD,Los Angeles,General,HOLLYWOOD,598,6.1,11,"2,145","1,207","1,167",578,"2,401,837",670,0,"643,442","114,536","149,389","294,480","178,032",0
SOUTHERN INYO HOSPITAL,Inyo,General,LONE PINE,37,150.9,0,0,0,144,51,"278,292",10,0,"28,414","20,142","56,680",0,"37,249",0
SOUTHWEST HEALTHCARE SYSTEM - MURRIETA,Riverside,General,MURRIETA,242,4.1,9,"3,945","3,683","1,256",537,"2,456,103",451,177,"816,219","16,522","172,852","111,695","419,308",0
ST. AGNES MEDICAL CENTER,Fresno,General,FRESNO,436,4.5,14,"3,831","9,203","2,627","1,068","5,138,920",715,53,"1,396,434","202,348","486,306","137,315","462,661","261,677"
ST. BERNARDINE MEDICAL CENTER,San Bernardino,General,SAN BERNARDINO,332,4.8,11,"3,915","3,397","1,419",578,"2,691,925",433,76,"919,010",30,"175,454","107,350","299,972","5,075"
ST. ELIZABETH COMMUNITY HOSPITAL,Tehama,General,RED BLUFF,49,3.2,5,466,"1,184",461,108,"856,161",58,0,"202,390","1,912","14,476","6,783","266,181",0
ST. FRANCIS MEDICAL CENTER,Los Angeles,General,LYNWOOD,384,5.5,9,"2,237",763,"1,263",463,"2,462,357",138,0,"731,823","174,572","6,392","50,305","262,849",0
ST. JOHN'S REGIONAL MEDICAL CENTER,Ventura,General,OXNARD,385,6.8,16,"2,541","7,435","1,684",733,"3,277,932",613,0,"1,012,246","100,020","304,054","108,309","320,830",0
ST. JOSEPH'S BEHAVIORAL HEALTH CENTER,San Joaquin,Psychiatric,STOCKTON,35,7.7,0,0,0,117,41,"212,113",5,4,"32,640","9,927","43,091",0,"17,834",0
ST. JOSEPH'S MEDICAL CENTER OF STOCKTON,San Joaquin,General,STOCKTON,355,4.9,9,"2,319","3,123","2,424",820,"4,385,779",682,156,"1,520,466","29,439","138,441","18,227","535,692","343,438"
ST. MARY MEDICAL CENTER - LONG BEACH,Los Angeles,General,LONG BEACH,307,6.1,9,"2,261","1,675","1,242",471,"2,438,194",474,36,"680,850",336,"122,742","176,472","207,171","97,650"
ST. ROSE HOSPITAL,Alameda,General,HAYWARD,171,4.1,6,"3,089","2,232",580,193,"1,020,261",291,0,"341,160","4,661","37,538","17,278","94,453",0
STABLER LANE BEHAVIORAL HEALTH - PHF,Sutter,Psychiatric,YUBA CITY,16,23.3,0,0,0,0,0,0,3,0,0,0,0,0,0,0
STANFORD HEALTH CARE,Santa Clara,General,STANFORD,687,7.2,65,"13,587","38,322","15,197","3,507","29,377,486","2,385",793,"5,690,972","11,668","725,938","865,058","5,334,175","3,100,387"
STANFORD HEALTH CARE TRI-VALLEY,Alameda,General,PLEASANTON,167,4.7,11,"2,109","6,971","1,417",435,"2,756,379",220,0,"602,603","17,314","152,872","132,069","224,137","6,684"
STANISLAUS SURGICAL HOSPITAL,Stanislaus,Specialty,MODESTO,23,1.5,12,394,"4,491",130,34,"225,667",125,0,"53,364","1,424","16,698",0,0,0
STAR VIEW ADOLESCENT - PHF,Los Angeles,Psychiatric,TORRANCE,16,110.7,0,0,0,37,9,"71,941",0,0,"14,171",0,"4,909",0,0,0
STOCKTON REGIONAL REHABILITATION HOSPITAL,San Joaquin,Specialty,STOCKTON,50,22,0,0,0,67,21,"126,396",0,0,"26,929","3,406","14,261",0,0,0
SURPRISE VALLEY COMMUNITY HOSPITAL,Modoc,General,CEDARVILLE,26,249.5,0,0,0,62,6,"105,108",7,0,"3,649","6,965","1,986",0,"7,703",0
SUTTER - YUBA - PHF,Sutter,Psychiatric,YUBA CITY,16,6.1,0,0,0,0,0,0,2,0,0,0,0,0,0,0
SUTTER AMADOR HOSPITAL,Amador,General,JACKSON,52,4.1,3,462,749,312,116,"619,216",39,0,"217,817",0,"2,028","21,697","94,706",0
SUTTER AUBURN FAITH HOSPITAL,Placer,General,AUBURN,64,3.7,5,683,"2,180",427,181,"827,878",329,0,"315,928","2,275","44,842","13,862","215,938",0
SUTTER CENTER FOR PSYCHIATRY,Sacramento,Psychiatric,SACRAMENTO,73,7.6,0,0,0,206,83,"397,747",48,0,"124,024",226,"48,989",0,"57,079",0
SUTTER COAST HOSPITAL,Del Norte,General,CRESCENT CITY,49,4.4,4,505,698,315,95,"610,352",40,0,"160,660","33,476","3,408",0,"162,829",0
SUTTER DAVIS HOSPITAL,Yolo,General,DAVIS,48,3.2,4,612,"2,866",432,165,"834,729",182,3,"341,935",0,"1,984",0,"124,151",0
SUTTER DELTA MEDICAL CENTER,Contra Costa,General,ANTIOCH,141,4.2,6,755,805,640,256,"1,176,259",385,0,"472,778","8,760","51,612",0,"202,449",0
SUTTER LAKESIDE HOSPITAL,Lake,General,LAKEPORT,25,4.5,5,345,897,281,81,"530,325",396,0,"168,257",695,102,0,"102,586",0
SUTTER MATERNITY AND SURGERY CENTER OF SANTA CRUZ,Santa Cruz,General,SANTA CRUZ,28,2.6,8,164,"4,040",379,146,"719,475",252,0,"303,434",0,7,0,"29,512",0
SUTTER MEDICAL CENTER - SACRAMENTO,Sacramento,General,SACRAMENTO,523,4.9,24,"7,804","9,679","3,447","1,410","6,625,788",843,18,"2,906,198","1,256","24,336",0,"717,793","12,785"
SUTTER ROSEVILLE MEDICAL CENTER,Placer,General,ROSEVILLE,382,4.7,15,"6,224","9,896","2,721","1,237","5,226,677",689,35,"2,321,078","21,663","229,346",0,"609,070","47,175"
SUTTER SANTA ROSA REGIONAL HOSPITAL,Sonoma,General,SANTA ROSA,124,4.2,6,"1,975","2,659",955,487,"1,908,074",239,48,"827,101",0,"106,754","80,129","262,985","69,715"
SUTTER SOLANO MEDICAL CENTER,Solano,General,VALLEJO,106,5.3,4,"1,131","1,562",457,213,"906,587",145,0,"381,136",0,"62,144",0,"111,074",0
SUTTER SURGICAL HOSPITAL - NORTH VALLEY,Sutter,General,YUBA CITY,14,2.6,4,251,"2,087",92,32,"155,020",94,0,"64,661",430,0,441,0,0
SUTTER TRACY COMMUNITY HOSPITAL,San Joaquin,General,TRACY,77,3.5,4,718,"1,561",467,191,"921,716",202,0,"334,408","8,977","10,208","42,675","152,457",0
TAHOE FOREST HOSPITAL,Nevada,General,TRUCKEE,62,10.5,4,457,"2,186","1,082",173,"1,920,216",95,0,"318,120","9,120","27,038","5,895","565,854",0
TARZANA TREATMENT CENTER,Los Angeles,Specialty,TARZANA,60,5.8,0,0,0,"1,341",16,"2,643,055",2,0,"17,784","15,808",0,0,0,0
TELECARE EL DORADO COUNTY P.H.F.,El Dorado,Psychiatric,PLACERVILLE,16,12.4,0,0,0,33,16,"61,345",3,0,"9,504","7,822","16,598",0,0,0
TELECARE HERITAGE - PHF,Alameda,Psychiatric,OAKLAND,26,5.7,0,0,0,59,29,"109,738",3,0,"27,497","9,177","24,173",0,0,0
TELECARE RIVERSIDE COUNTY PSYCHIATRIC HEALTH FACILITY,Riverside,Psychiatric,INDIO,16,9.2,0,0,0,34,20,"67,038",3,0,"10,741","8,346","22,304",0,0,0
TELECARE SANTA CRUZ - PHF,Santa Cruz,Psychiatric,SANTA CRUZ,16,12.9,0,0,0,36,22,"72,221",1,0,"9,233","4,504","32,455",0,0,0
TELECARE STANISLAUS COUNTY - PHF,Stanislaus,Psychiatric,CERES,16,12.1,0,0,0,35,18,"67,269",3,0,"5,554","18,767","12,224",0,0,0
TELECARE WILLOW ROCK CENTER - PHF,Alameda,Psychiatric,SAN LEANDRO,16,4.3,0,0,0,37,20,"72,633",3,0,"12,612","6,448","23,067",0,0,0
TEMECULA VALLEY HOSPITAL,Riverside,General,TEMECULA,140,4.8,6,"1,503","1,514",883,318,"1,750,422",323,202,"432,915","14,579","149,031","65,412","180,950","310,910"
TENET HEALTH CENTRAL COAST TWIN CITIES COMMUNITY HOSPITAL,San Luis Obispo,General,TEMPLETON,114,4.6,5,718,"1,206",365,202,"731,445",288,0,"295,125",0,"77,641","48,391","112,748",0
THE BETTY FORD CENTER,Riverside,Specialty,RANCHO MIRAGE,100,16.3,0,0,0,158,34,"316,070",0,0,"45,688","24,744",0,0,"79,908",0
TOM REDGATE MEMORIAL RECOVERY CENTER,Los Angeles,Specialty,LONG BEACH,63,17.7,0,0,0,42,6,"78,610",0,0,8,"12,179",0,0,0,0
TORRANCE MEMORIAL MEDICAL CENTER,Los Angeles,General,TORRANCE,533,5,19,"6,066","11,429","3,494","1,237","6,540,316",418,0,"1,918,994","38,253","473,754","141,485","781,604","86,145"
TOTALLY KIDS REHABILITATION HOSPITAL,San Bernardino,Children,LOMA LINDA,81,121,0,0,0,200,118,"404,871",31,0,"50,063","93,222","101,216",0,0,0
TRI-CITY MEDICAL CENTER,San Diego,General,OCEANSIDE,273,5.4,12,"1,818","3,257","1,286",413,"2,385,922",547,4,"547,339","25,614","181,295","105,102","523,562",0
TRINITY HOSPITAL,Trinity,General,WEAVERVILLE,38,25.2,1,3,323,202,55,"400,417",31,0,"31,599","14,779","60,039","8,522","110,983",0
UC DAVIS REHABILITATION HOSPITAL,Sacramento,Specialty,SACRAMENTO,60,12.9,0,0,0,52,17,"100,026",24,0,"29,481","5,081",0,0,0,0
UCI HEALTH-FOUNTAIN VALLEY,Orange,General,FOUNTAIN VALLEY,334,5.5,9,903,775,435,210,"867,698",653,3,"342,387","19,547","52,926","21,971","43,144","1,000"
UCI HEALTH-LAKEWOOD,Los Angeles,General,LAKEWOOD,172,6,6,411,497,253,167,"494,001",814,1,"50,103","249,409","45,094","3,616","52,487","1,033"
UCI HEALTH-LOS ALAMITOS,Orange,General,LOS ALAMITOS,172,6.1,6,469,740,269,165,"545,968",479,0,"277,130","7,156","37,348","21,317","106,040",0
UCI HEALTH-PLACENTIA LINDA,Orange,General,PLACENTIA,82,3.6,5,144,563,117,50,"213,630",370,0,"84,720","2,147","15,235","1,981","33,966",0
UCLA WEST VALLEY MEDICAL CENTER,Los Angeles,General,WEST HILLS,260,5.3,7,644,272,184,80,"377,458","2,497",0,"139,140","6,853","21,105",0,"38,158",0
UCSF BENIOFF CHILDREN'S HOSPITAL OAKLAND,Alameda,Children,OAKLAND,163,5.4,10,"2,898","5,780","2,391",503,"4,412,550",764,114,"901,368","57,078","48,575","38,716","827,090","323,422"
UCSF MEDICAL CENTER,San Francisco,General,SAN FRANCISCO,887,7.4,49,"16,793","27,691","12,973","3,492","22,920,503","3,240",788,"5,630,890","152,118","1,344,164","135,796","4,702,156","78,859"
UNIVERSITY OF CALIFORNIA DAVIS MEDICAL CENTER,Sacramento,General,SACRAMENTO,660,6.3,50,"11,693","18,374","8,299","2,363","15,246,652","1,291",797,"4,022,576","190,163","621,555","80,097","3,968,629","79,547"
UNIVERSITY OF CALIFORNIA IRVINE MEDICAL CENTER,Orange,General,ORANGE,459,6,23,"3,323","10,421","9,711","1,844","10,827,298",670,381,"2,463,493","102,729","1,059,707","208,589","2,520,946",0
UNIVERSITY OF CALIFORNIA SAN DIEGO MEDICAL CENTER,San Diego,General,SAN DIEGO,860,6.7,30,"21,745","50,020","13,119","3,196","25,058,283","2,521",553,"4,836,309","186,849","1,159,939","463,870","2,218,074","1,499,640"
USC ARCADIA HOSPITAL,Los Angeles,General,ARCADIA,324,5.2,11,"5,571","3,327","1,229",553,"2,626,603","1,062",0,"817,173","22,632","240,136","70,339","160,123",0
USC KENNETH NORRIS JR. CANCER HOSPITAL,Los Angeles,Specialty,LOS ANGELES,60,10.5,4,100,"1,715",812,260,"1,523,830",609,11,"333,621","60,028","80,611","67,210","429,735",0
USC VERDUGO HILLS HOSPITAL,Los Angeles,General,GLENDALE,158,5.2,6,829,"2,539",780,318,"1,493,454",543,0,"489,624","30,684","162,395",0,"141,666","8,497"
VALLEY CHILDREN'S HOSPITAL,Madera,Children,MADERA,358,6.7,11,"2,474","7,994","2,741",834,"5,157,130",307,53,"1,197,572","23,484","436,048","78,584","715,482","106,963"
VALLEY PRESBYTERIAN HOSPITAL,Los Angeles,General,VAN NUYS,350,5.1,9,"2,681","4,740","1,295",478,"2,495,480",515,0,"647,159",0,"172,067","174,073","158,073",0
VENTURA COUNTY MEDICAL CENTER,Ventura,General,VENTURA,272,5.5,10,"3,409","3,560","1,730",583,"3,472,343",577,43,"773,037","24,104","148,707","267,484","509,591","97,174"
VIBRA HOSPITAL OF NORTHERN CALIFORNIA,Shasta,Specialty,REDDING,88,33.4,0,0,0,216,96,"389,392",8,0,"91,932","49,287","59,110",0,0,0
VIBRA HOSPITAL OF SACRAMENTO,Sacramento,Specialty,FOLSOM,58,46.8,2,43,0,204,85,"371,933",75,0,"111,424","28,515","37,435",0,"2,021",0
VICTOR VALLEY GLOBAL MEDICAL CENTER,San Bernardino,General,VICTORVILLE,101,3.2,2,"1,269","2,398",457,198,"869,565",190,0,"276,160","14,951","92,547","27,879","89,515",0
WASHINGTON HOSPITAL - FREMONT,Alameda,General,FREMONT,402,4.8,6,"1,708","2,746","1,624",582,"2,967,872",592,0,"996,768","1,845","211,049","1,872","346,952",0
WATSONVILLE COMMUNITY HOSPITAL,Santa Cruz,General,WATSONVILLE,106,3.9,5,"1,427","2,446",445,174,"869,941",203,0,"274,357",0,"45,218","42,222","105,441",0
WEST ANAHEIM MEDICAL CENTER,Orange,General,ANAHEIM,219,6.4,7,739,44,689,204,"2,275,557",58,18,"363,115","52,389","9,644",0,"329,143","37,268"
WEST HILLS HOSPITAL AND MEDICAL CENTER,Los Angeles,General,WEST HILLS,260,5.1,7,"1,903",859,670,262,"1,415,644",411,0,"483,859","1,494",0,"60,396","120,636",0
WEST HILLS HOSPITAL AND MEDICAL CENTER,Los Angeles,General,WEST HILLS,260,5.2,7,444,205,176,125,"496,115",411,0,"122,946",570,"76,448","60,396","37,651",0
WHITTIER HOSPITAL MEDICAL CENTER,Los Angeles,General,WHITTIER,148,4.9,5,885,"1,023",552,231,"990,759",231,0,"342,808","46,230","65,966","26,106","180,483",0
WOODLAND MEMORIAL HOSPITAL,Yolo,General,WOODLAND,105,5,15,957,"8,235",557,204,"1,060,345",332,0,"328,140",0,"68,024","27,458","146,586",0
ZUCKERBERG SAN FRANCISCO GENERAL HOSPITAL & TRAUMA CENTER,San Francisco,General,SAN FRANCISCO,395,7.1,10,"2,711","4,527","3,046","1,230","6,287,059",549,343,"1,949,469","64,181","297,632","246,984","1,184,978","629,415"
